time_iso8601,clones_total,clones_unique,views_total,views_unique
2021-11-02 00:00:00+00:00,2,2,187,51
2021-11-03 00:00:00+00:00,17,5,212,64
2021-11-04 00:00:00+00:00,3,2,218,58
2021-11-05 00:00:00+00:00,2,2,101,37
2021-11-06 00:00:00+00:00,3,3,33,14
2021-11-07 00:00:00+00:00,4,3,41,14
2021-11-08 00:00:00+00:00,5,5,132,53
2021-11-09 00:00:00+00:00,3,2,120,41
2021-11-10 00:00:00+00:00,4,3,127,56
2021-11-11 00:00:00+00:00,5,5,106,53
2021-11-12 00:00:00+00:00,1,1,173,48
2021-11-13 00:00:00+00:00,4,3,41,17
2021-11-14 00:00:00+00:00,1,1,159,31
2021-11-15 00:00:00+00:00,7,5,120,53
2021-11-16 00:00:00+00:00,5,4,248,59
2021-11-17 00:00:00+00:00,1,1,226,65
2021-11-18 00:00:00+00:00,12,6,342,54
2021-11-19 00:00:00+00:00,5,5,170,60
2021-11-20 00:00:00+00:00,0,0,81,28
2021-11-21 00:00:00+00:00,4,4,107,30
2021-11-22 00:00:00+00:00,3,3,122,74
2021-11-23 00:00:00+00:00,1,1,200,58
2021-11-24 00:00:00+00:00,4,4,266,62
2021-11-25 00:00:00+00:00,11,5,197,54
2021-11-26 00:00:00+00:00,2,2,222,54
2021-11-27 00:00:00+00:00,1,1,57,29
2021-11-28 00:00:00+00:00,3,3,46,24
2021-11-29 00:00:00+00:00,2,2,171,51
2021-11-30 00:00:00+00:00,4,4,142,64
2021-12-01 00:00:00+00:00,3,3,132,54
2021-12-02 00:00:00+00:00,20,8,167,61
2021-12-03 00:00:00+00:00,6,4,101,40
2021-12-04 00:00:00+00:00,2,2,54,21
2021-12-05 00:00:00+00:00,4,3,81,26
2021-12-06 00:00:00+00:00,14,7,134,59
2021-12-07 00:00:00+00:00,6,5,135,53
2021-12-08 00:00:00+00:00,4,4,148,51
2021-12-09 00:00:00+00:00,3,3,218,54
2021-12-10 00:00:00+00:00,1,1,172,55
2021-12-11 00:00:00+00:00,2,2,27,13
2021-12-12 00:00:00+00:00,1,1,94,26
2021-12-13 00:00:00+00:00,7,6,448,95
2021-12-14 00:00:00+00:00,5,5,567,95
2021-12-15 00:00:00+00:00,7,6,362,83
2021-12-16 00:00:00+00:00,5,4,172,70
2021-12-17 00:00:00+00:00,7,6,282,70
2021-12-18 00:00:00+00:00,3,3,71,24
2021-12-19 00:00:00+00:00,1,1,79,20
2021-12-20 00:00:00+00:00,2,2,168,58
2021-12-21 00:00:00+00:00,5,5,89,43
2021-12-22 00:00:00+00:00,2,2,163,54
2021-12-23 00:00:00+00:00,1,1,122,29
2021-12-24 00:00:00+00:00,4,4,91,37
2021-12-25 00:00:00+00:00,3,2,36,15
2021-12-26 00:00:00+00:00,2,2,55,13
2021-12-27 00:00:00+00:00,1,1,101,42
2021-12-28 00:00:00+00:00,4,3,141,47
2021-12-29 00:00:00+00:00,6,5,93,36
2021-12-30 00:00:00+00:00,3,3,68,47
2021-12-31 00:00:00+00:00,5,3,77,25
2022-01-01 00:00:00+00:00,4,4,40,12
2022-01-02 00:00:00+00:00,2,2,19,10
2022-01-03 00:00:00+00:00,1,1,112,38
2022-01-04 00:00:00+00:00,1,1,110,38
2022-01-05 00:00:00+00:00,4,3,150,60
2022-01-06 00:00:00+00:00,6,4,154,39
2022-01-07 00:00:00+00:00,3,2,70,39
2022-01-08 00:00:00+00:00,3,3,46,12
2022-01-09 00:00:00+00:00,3,3,71,21
2022-01-10 00:00:00+00:00,2,1,106,49
2022-01-11 00:00:00+00:00,3,3,187,66
2022-01-12 00:00:00+00:00,1,1,140,51
2022-01-13 00:00:00+00:00,5,5,93,48
2022-01-14 00:00:00+00:00,0,0,100,54
2022-01-15 00:00:00+00:00,16,7,64,15
2022-01-16 00:00:00+00:00,1,1,36,18
2022-01-17 00:00:00+00:00,8,7,152,52
2022-01-18 00:00:00+00:00,2,2,227,51
2022-01-19 00:00:00+00:00,2,2,118,55
2022-01-20 00:00:00+00:00,2,2,178,57
2022-01-21 00:00:00+00:00,3,3,90,46
2022-01-22 00:00:00+00:00,1,1,31,22
2022-01-23 00:00:00+00:00,2,2,30,19
2022-01-24 00:00:00+00:00,3,3,137,48
2022-01-25 00:00:00+00:00,4,4,107,55
2022-01-26 00:00:00+00:00,4,4,152,37
2022-01-27 00:00:00+00:00,2,2,128,53
2022-01-28 00:00:00+00:00,4,3,85,40
2022-01-29 00:00:00+00:00,3,3,43,18
2022-01-30 00:00:00+00:00,1,1,19,15
2022-01-31 00:00:00+00:00,0,0,59,34
2022-02-01 00:00:00+00:00,11,5,111,41
2022-02-02 00:00:00+00:00,6,3,72,40
2022-02-03 00:00:00+00:00,5,3,140,49
2022-02-04 00:00:00+00:00,1,1,88,58
2022-02-05 00:00:00+00:00,33,9,63,20
2022-02-06 00:00:00+00:00,23,5,97,31
2022-02-07 00:00:00+00:00,7,6,292,82
2022-02-08 00:00:00+00:00,1,1,158,78
2022-02-09 00:00:00+00:00,6,6,549,175
2022-02-10 00:00:00+00:00,5,4,368,149
2022-02-11 00:00:00+00:00,6,5,323,92
2022-02-12 00:00:00+00:00,4,3,82,32
2022-02-13 00:00:00+00:00,3,3,108,26
2022-02-14 00:00:00+00:00,2,2,260,97
2022-02-15 00:00:00+00:00,3,3,220,96
2022-02-16 00:00:00+00:00,2,2,181,61
2022-02-17 00:00:00+00:00,4,3,246,75
2022-02-18 00:00:00+00:00,2,2,159,72
2022-02-19 00:00:00+00:00,3,2,79,35
2022-02-20 00:00:00+00:00,1,1,83,37
2022-02-21 00:00:00+00:00,7,6,214,107
2022-02-22 00:00:00+00:00,9,6,245,80
2022-02-23 00:00:00+00:00,4,4,144,74
2022-02-24 00:00:00+00:00,1,1,186,87
2022-02-25 00:00:00+00:00,1,1,136,70
2022-02-26 00:00:00+00:00,3,2,97,32
2022-02-27 00:00:00+00:00,6,4,49,24
2022-02-28 00:00:00+00:00,3,3,175,73
2022-03-01 00:00:00+00:00,5,5,178,73
2022-03-02 00:00:00+00:00,2,2,217,87
2022-03-03 00:00:00+00:00,5,5,207,83
2022-03-04 00:00:00+00:00,6,6,240,100
2022-03-05 00:00:00+00:00,3,2,114,44
2022-03-06 00:00:00+00:00,2,2,66,36
2022-03-07 00:00:00+00:00,4,4,132,87
2022-03-08 00:00:00+00:00,5,1,145,76
2022-03-09 00:00:00+00:00,6,6,180,93
2022-03-10 00:00:00+00:00,1,1,186,86
2022-03-11 00:00:00+00:00,6,6,194,72
2022-03-12 00:00:00+00:00,6,4,95,50
2022-03-13 00:00:00+00:00,11,1,81,33
2022-03-14 00:00:00+00:00,23,7,205,111
2022-03-15 00:00:00+00:00,5,4,280,103
2022-03-16 00:00:00+00:00,7,6,239,101
2022-03-17 00:00:00+00:00,3,3,204,88
2022-03-18 00:00:00+00:00,2,2,190,85
2022-03-19 00:00:00+00:00,3,3,55,30
2022-03-20 00:00:00+00:00,5,5,73,40
2022-03-21 00:00:00+00:00,2,2,185,105
2022-03-22 00:00:00+00:00,2,2,203,88
2022-03-23 00:00:00+00:00,4,3,224,97
2022-03-24 00:00:00+00:00,5,5,163,100
2022-03-25 00:00:00+00:00,3,3,218,83
2022-03-26 00:00:00+00:00,1,1,84,52
2022-03-27 00:00:00+00:00,2,2,54,37
2022-03-28 00:00:00+00:00,2,2,143,91
2022-03-29 00:00:00+00:00,275,2,144,75
2022-03-30 00:00:00+00:00,86,3,234,99
2022-03-31 00:00:00+00:00,3,3,180,99
2022-04-01 00:00:00+00:00,2,2,201,98
2022-04-02 00:00:00+00:00,3,3,85,43
2022-04-03 00:00:00+00:00,7,5,47,24
2022-04-04 00:00:00+00:00,6,4,179,85
2022-04-05 00:00:00+00:00,1,1,199,76
2022-04-06 00:00:00+00:00,3,3,160,82
2022-04-07 00:00:00+00:00,6,6,262,103
2022-04-08 00:00:00+00:00,4,4,148,64
2022-04-09 00:00:00+00:00,16,6,88,39
2022-04-10 00:00:00+00:00,0,0,78,35
2022-04-11 00:00:00+00:00,2,1,224,95
2022-04-12 00:00:00+00:00,2,2,219,108
2022-04-13 00:00:00+00:00,4,2,177,93
2022-04-14 00:00:00+00:00,1,1,140,77
2022-04-15 00:00:00+00:00,1,1,172,65
2022-04-16 00:00:00+00:00,3,3,69,38
2022-04-17 00:00:00+00:00,4,2,102,34
2022-04-18 00:00:00+00:00,1,1,113,65
2022-04-19 00:00:00+00:00,3,3,168,79
2022-04-20 00:00:00+00:00,3,3,417,259
2022-04-21 00:00:00+00:00,1,1,367,260
2022-04-22 00:00:00+00:00,1,1,252,108
2022-04-23 00:00:00+00:00,4,4,98,44
2022-04-24 00:00:00+00:00,11,5,142,44
2022-04-25 00:00:00+00:00,1,1,234,108
2022-04-26 00:00:00+00:00,4,4,257,109
2022-04-27 00:00:00+00:00,4,4,202,107
2022-04-28 00:00:00+00:00,7,3,199,95
2022-04-29 00:00:00+00:00,3,3,181,102
2022-04-30 00:00:00+00:00,3,2,96,45
2022-05-01 00:00:00+00:00,1,1,103,47
2022-05-02 00:00:00+00:00,1,1,145,81
2022-05-03 00:00:00+00:00,1,1,155,83
2022-05-04 00:00:00+00:00,8,5,185,85
2022-05-05 00:00:00+00:00,4,3,185,89
2022-05-06 00:00:00+00:00,3,3,245,100
2022-05-07 00:00:00+00:00,0,0,198,54
2022-05-08 00:00:00+00:00,0,0,70,38
2022-05-09 00:00:00+00:00,1,1,148,82
2022-05-10 00:00:00+00:00,5,5,252,116
2022-05-11 00:00:00+00:00,1,1,305,110
2022-05-12 00:00:00+00:00,2,2,178,113
2022-05-13 00:00:00+00:00,6,5,229,97
2022-05-14 00:00:00+00:00,5,5,136,50
2022-05-15 00:00:00+00:00,0,0,96,43
2022-05-16 00:00:00+00:00,4,4,257,112
2022-05-17 00:00:00+00:00,3,3,362,132
2022-05-18 00:00:00+00:00,1,1,383,120
2022-05-19 00:00:00+00:00,3,2,201,113
2022-05-20 00:00:00+00:00,2,2,153,89
2022-05-21 00:00:00+00:00,2,2,110,48
2022-05-22 00:00:00+00:00,6,6,124,59
2022-05-23 00:00:00+00:00,3,3,345,128
2022-05-24 00:00:00+00:00,2,1,237,115
2022-05-25 00:00:00+00:00,1,1,289,112
2022-05-26 00:00:00+00:00,9,5,151,63
2022-05-27 00:00:00+00:00,12,7,191,86
2022-05-28 00:00:00+00:00,5,4,57,29
2022-05-29 00:00:00+00:00,2,2,62,32
2022-05-30 00:00:00+00:00,5,5,176,85
2022-05-31 00:00:00+00:00,3,3,163,83
2022-06-01 00:00:00+00:00,1,1,233,111
2022-06-02 00:00:00+00:00,3,3,136,78
2022-06-03 00:00:00+00:00,0,0,111,60
2022-06-04 00:00:00+00:00,1,1,102,36
2022-06-05 00:00:00+00:00,1,1,98,32
2022-06-06 00:00:00+00:00,2,2,141,79
2022-06-07 00:00:00+00:00,5,5,200,103
2022-06-08 00:00:00+00:00,3,2,235,91
2022-06-09 00:00:00+00:00,2,2,161,78
2022-06-10 00:00:00+00:00,2,2,156,85
2022-06-11 00:00:00+00:00,7,3,141,31
2022-06-12 00:00:00+00:00,1,1,44,32
2022-06-13 00:00:00+00:00,1,1,158,82
2022-06-14 00:00:00+00:00,1,1,115,89
2022-06-15 00:00:00+00:00,3,3,171,84
2022-06-16 00:00:00+00:00,2,1,198,74
2022-06-17 00:00:00+00:00,0,0,190,88
2022-06-18 00:00:00+00:00,4,1,40,33
2022-06-19 00:00:00+00:00,7,1,103,33
2022-06-20 00:00:00+00:00,8,4,230,92
2022-06-21 00:00:00+00:00,2,2,276,110
2022-06-22 00:00:00+00:00,4,4,170,82
2022-06-23 00:00:00+00:00,5,5,235,97
2022-06-24 00:00:00+00:00,7,6,257,76
2022-06-25 00:00:00+00:00,9,4,76,36
2022-06-26 00:00:00+00:00,6,5,35,20
2022-06-27 00:00:00+00:00,2,2,135,75
2022-06-28 00:00:00+00:00,4,3,154,79
2022-06-29 00:00:00+00:00,3,3,180,74
2022-06-30 00:00:00+00:00,2,2,159,73
2022-07-01 00:00:00+00:00,6,5,203,56
2022-07-02 00:00:00+00:00,5,2,84,25
2022-07-03 00:00:00+00:00,2,2,54,22
2022-07-04 00:00:00+00:00,1,1,191,71
2022-07-05 00:00:00+00:00,4,4,230,69
2022-07-06 00:00:00+00:00,4,3,198,84
2022-07-07 00:00:00+00:00,4,4,158,91
2022-07-08 00:00:00+00:00,3,3,102,69
2022-07-09 00:00:00+00:00,7,4,63,36
2022-07-10 00:00:00+00:00,2,2,25,18
2022-07-11 00:00:00+00:00,5,4,139,74
2022-07-12 00:00:00+00:00,3,3,139,72
2022-07-13 00:00:00+00:00,4,4,185,77
2022-07-14 00:00:00+00:00,3,3,207,63
2022-07-15 00:00:00+00:00,3,3,126,48
2022-07-16 00:00:00+00:00,7,4,93,20
2022-07-17 00:00:00+00:00,0,0,28,13
2022-07-18 00:00:00+00:00,3,3,158,71
2022-07-19 00:00:00+00:00,4,3,327,90
2022-07-20 00:00:00+00:00,1,1,295,90
2022-07-21 00:00:00+00:00,1,1,410,110
2022-07-22 00:00:00+00:00,1,1,364,90
2022-07-23 00:00:00+00:00,11,6,203,32
2022-07-24 00:00:00+00:00,2,2,103,28
2022-07-25 00:00:00+00:00,2,2,217,67
2022-07-26 00:00:00+00:00,2,2,803,90
2022-07-27 00:00:00+00:00,2,1,351,76
2022-07-28 00:00:00+00:00,4,3,323,77
2022-07-29 00:00:00+00:00,1,1,371,79
2022-07-30 00:00:00+00:00,6,3,306,43
2022-07-31 00:00:00+00:00,3,3,473,44
2022-08-01 00:00:00+00:00,5,5,338,77
2022-08-02 00:00:00+00:00,7,3,226,76
2022-08-03 00:00:00+00:00,6,6,243,101
2022-08-04 00:00:00+00:00,7,7,162,93
2022-08-05 00:00:00+00:00,2,2,138,68
2022-08-06 00:00:00+00:00,7,5,67,34
2022-08-07 00:00:00+00:00,11,4,75,30
2022-08-08 00:00:00+00:00,5,5,146,82
2022-08-09 00:00:00+00:00,3,3,206,76
2022-08-10 00:00:00+00:00,4,4,182,76
2022-08-11 00:00:00+00:00,3,3,235,73
2022-08-12 00:00:00+00:00,4,4,225,56
2022-08-13 00:00:00+00:00,3,2,47,33
2022-08-14 00:00:00+00:00,11,6,84,25
2022-08-15 00:00:00+00:00,3,3,98,55
2022-08-16 00:00:00+00:00,3,3,181,81
2022-08-17 00:00:00+00:00,2,2,159,85
2022-08-18 00:00:00+00:00,4,4,107,66
2022-08-19 00:00:00+00:00,4,2,119,75
2022-08-20 00:00:00+00:00,3,3,76,52
2022-08-21 00:00:00+00:00,0,0,65,30
2022-08-22 00:00:00+00:00,1,1,120,63
2022-08-23 00:00:00+00:00,3,2,91,62
2022-08-24 00:00:00+00:00,1,1,208,86
2022-08-25 00:00:00+00:00,7,5,141,67
2022-08-26 00:00:00+00:00,0,0,141,63
2022-08-27 00:00:00+00:00,3,3,83,32
2022-08-28 00:00:00+00:00,0,0,28,21
2022-08-29 00:00:00+00:00,1,1,133,82
2022-08-30 00:00:00+00:00,4,4,127,83
2022-08-31 00:00:00+00:00,4,4,126,77
2022-09-01 00:00:00+00:00,3,2,153,74
2022-09-02 00:00:00+00:00,5,5,91,64
2022-09-03 00:00:00+00:00,1,1,77,28
2022-09-04 00:00:00+00:00,2,2,26,22
2022-09-05 00:00:00+00:00,2,2,136,78
2022-09-06 00:00:00+00:00,4,4,184,81
2022-09-07 00:00:00+00:00,2,2,134,79
2022-09-08 00:00:00+00:00,3,3,154,95
2022-09-09 00:00:00+00:00,5,5,171,84
2022-09-10 00:00:00+00:00,1,1,73,27
2022-09-11 00:00:00+00:00,2,1,33,23
2022-09-12 00:00:00+00:00,8,5,128,57
2022-09-13 00:00:00+00:00,2,2,136,71
2022-09-14 00:00:00+00:00,5,4,165,85
2022-09-15 00:00:00+00:00,5,4,142,79
2022-09-16 00:00:00+00:00,5,4,133,62
2022-09-17 00:00:00+00:00,5,2,67,34
2022-09-18 00:00:00+00:00,4,3,62,28
2022-09-19 00:00:00+00:00,2,2,68,52
2022-09-20 00:00:00+00:00,3,2,132,67
2022-09-21 00:00:00+00:00,4,3,194,89
2022-09-22 00:00:00+00:00,2,1,124,71
2022-09-23 00:00:00+00:00,9,8,92,63
2022-09-24 00:00:00+00:00,6,3,72,29
2022-09-25 00:00:00+00:00,0,0,59,24
2022-09-26 00:00:00+00:00,1,1,113,66
2022-09-27 00:00:00+00:00,2,2,124,68
2022-09-28 00:00:00+00:00,1,1,113,64
2022-09-29 00:00:00+00:00,3,3,129,63
2022-09-30 00:00:00+00:00,5,5,93,52
2022-10-01 00:00:00+00:00,4,1,48,22
2022-10-02 00:00:00+00:00,0,0,35,27
2022-10-03 00:00:00+00:00,1,1,101,49
2022-10-04 00:00:00+00:00,6,5,149,44
2022-10-05 00:00:00+00:00,2,2,176,47
2022-10-06 00:00:00+00:00,2,2,160,63
2022-10-07 00:00:00+00:00,0,0,108,48
2022-10-08 00:00:00+00:00,8,5,51,30
2022-10-09 00:00:00+00:00,2,2,80,32
2022-10-10 00:00:00+00:00,1,1,131,68
2022-10-11 00:00:00+00:00,5,5,244,60
2022-10-12 00:00:00+00:00,4,4,194,68
2022-10-13 00:00:00+00:00,4,3,139,64
2022-10-14 00:00:00+00:00,0,0,80,54
2022-10-15 00:00:00+00:00,8,5,177,35
2022-10-16 00:00:00+00:00,8,4,174,30
2022-10-17 00:00:00+00:00,8,3,194,61
2022-10-18 00:00:00+00:00,4,4,179,68
2022-10-19 00:00:00+00:00,13,3,174,66
2022-10-20 00:00:00+00:00,27,7,120,57
2022-10-21 00:00:00+00:00,0,0,87,45
2022-10-22 00:00:00+00:00,25,9,66,25
2022-10-23 00:00:00+00:00,3,3,48,18
2022-10-24 00:00:00+00:00,4,3,132,65
2022-10-25 00:00:00+00:00,9,6,128,64
2022-10-26 00:00:00+00:00,13,6,176,90
2022-10-27 00:00:00+00:00,21,5,230,66
2022-10-28 00:00:00+00:00,6,6,170,67
2022-10-29 00:00:00+00:00,7,4,53,26
2022-10-30 00:00:00+00:00,9,3,103,34
2022-10-31 00:00:00+00:00,29,4,165,80
2022-11-01 00:00:00+00:00,13,4,287,74
2022-11-02 00:00:00+00:00,7,6,117,66
2022-11-03 00:00:00+00:00,7,7,149,69
2022-11-04 00:00:00+00:00,4,2,78,44
2022-11-05 00:00:00+00:00,6,3,55,28
2022-11-06 00:00:00+00:00,13,6,163,24
2022-11-07 00:00:00+00:00,4,4,106,56
2022-11-08 00:00:00+00:00,11,8,121,63
2022-11-09 00:00:00+00:00,10,10,253,74
2022-11-10 00:00:00+00:00,11,7,216,79
2022-11-11 00:00:00+00:00,6,5,233,65
2022-11-12 00:00:00+00:00,6,3,65,22
2022-11-13 00:00:00+00:00,2,1,54,19
2022-11-14 00:00:00+00:00,103,7,110,60
2022-11-15 00:00:00+00:00,452,5,169,67
2022-11-16 00:00:00+00:00,8,7,107,58
2022-11-17 00:00:00+00:00,2,2,198,81
2022-11-18 00:00:00+00:00,10,9,183,68
2022-11-19 00:00:00+00:00,1,1,109,31
2022-11-20 00:00:00+00:00,16,7,198,38
2022-11-21 00:00:00+00:00,21,8,792,86
2022-11-22 00:00:00+00:00,6,6,387,91
2022-11-23 00:00:00+00:00,4,4,171,72
2022-11-24 00:00:00+00:00,5,4,203,74
2022-11-25 00:00:00+00:00,9,6,176,55
2022-11-26 00:00:00+00:00,5,2,116,32
2022-11-27 00:00:00+00:00,3,3,69,26
2022-11-28 00:00:00+00:00,1,1,207,56
2022-11-29 00:00:00+00:00,7,6,245,74
2022-11-30 00:00:00+00:00,1,1,175,75
2022-12-01 00:00:00+00:00,1,1,123,58
2022-12-02 00:00:00+00:00,7,6,156,55
2022-12-03 00:00:00+00:00,8,3,114,42
2022-12-04 00:00:00+00:00,0,0,254,25
2022-12-05 00:00:00+00:00,178,83,205,81
2022-12-06 00:00:00+00:00,167,75,179,60
2022-12-07 00:00:00+00:00,155,67,172,68
2022-12-08 00:00:00+00:00,102,55,209,70
2022-12-09 00:00:00+00:00,30,14,193,61
2022-12-10 00:00:00+00:00,10,7,80,29
2022-12-11 00:00:00+00:00,1,1,66,34
2022-12-12 00:00:00+00:00,2,2,158,53
2022-12-13 00:00:00+00:00,5,5,135,64
2022-12-14 00:00:00+00:00,69,47,120,53
2022-12-15 00:00:00+00:00,87,54,212,70
2022-12-16 00:00:00+00:00,33,28,196,40
2022-12-17 00:00:00+00:00,7,4,87,30
2022-12-18 00:00:00+00:00,0,0,114,19
2022-12-19 00:00:00+00:00,25,23,117,66
2022-12-20 00:00:00+00:00,62,45,89,39
2022-12-21 00:00:00+00:00,72,48,112,53
2022-12-22 00:00:00+00:00,22,20,82,46
2022-12-23 00:00:00+00:00,5,5,106,45
2022-12-24 00:00:00+00:00,4,1,36,15
2022-12-25 00:00:00+00:00,0,0,36,15
2022-12-26 00:00:00+00:00,43,29,105,47
2022-12-27 00:00:00+00:00,69,48,84,41
2022-12-28 00:00:00+00:00,22,15,101,45
2022-12-29 00:00:00+00:00,8,4,93,41
2022-12-30 00:00:00+00:00,9,7,82,33
2022-12-31 00:00:00+00:00,5,2,24,9
2023-01-01 00:00:00+00:00,2,2,35,10
2023-01-02 00:00:00+00:00,24,20,79,30
2023-01-03 00:00:00+00:00,82,58,105,58
2023-01-04 00:00:00+00:00,71,44,168,49
2023-01-05 00:00:00+00:00,62,40,126,57
2023-01-06 00:00:00+00:00,63,43,81,42
2023-01-07 00:00:00+00:00,28,22,35,19
2023-01-08 00:00:00+00:00,4,3,13,9
2023-01-09 00:00:00+00:00,10,5,141,52
2023-01-10 00:00:00+00:00,4,3,173,71
2023-01-11 00:00:00+00:00,1,1,103,57
2023-01-12 00:00:00+00:00,8,6,150,63
2023-01-13 00:00:00+00:00,6,6,135,45
2023-01-14 00:00:00+00:00,5,2,56,26
2023-01-15 00:00:00+00:00,54,44,68,22
2023-01-16 00:00:00+00:00,154,85,80,41
2023-01-17 00:00:00+00:00,96,59,78,43
2023-01-18 00:00:00+00:00,23,20,109,39
2023-01-19 00:00:00+00:00,2,2,111,49
2023-01-20 00:00:00+00:00,1,1,97,46
2023-01-21 00:00:00+00:00,5,2,50,9
2023-01-22 00:00:00+00:00,0,0,54,12
2023-01-23 00:00:00+00:00,50,38,131,62
2023-01-24 00:00:00+00:00,62,43,90,39
2023-01-25 00:00:00+00:00,24,22,111,39
2023-01-26 00:00:00+00:00,4,4,92,39
2023-01-27 00:00:00+00:00,3,3,104,38
2023-01-28 00:00:00+00:00,6,3,53,23
2023-01-29 00:00:00+00:00,0,0,127,29
2023-01-30 00:00:00+00:00,2,2,94,48
2023-01-31 00:00:00+00:00,1,1,101,60
2023-02-01 00:00:00+00:00,1,1,141,66
2023-02-02 00:00:00+00:00,0,0,122,58
2023-02-03 00:00:00+00:00,63,38,184,57
2023-02-04 00:00:00+00:00,69,42,38,14
2023-02-05 00:00:00+00:00,63,39,75,25
2023-02-06 00:00:00+00:00,36,24,205,73
2023-02-07 00:00:00+00:00,14,6,185,60
2023-02-08 00:00:00+00:00,24,7,170,55
2023-02-09 00:00:00+00:00,20,6,184,59
2023-02-10 00:00:00+00:00,14,5,156,51
2023-02-11 00:00:00+00:00,27,8,132,25
2023-02-12 00:00:00+00:00,26,6,37,17
2023-02-13 00:00:00+00:00,22,8,167,59
2023-02-14 00:00:00+00:00,12,3,142,66
2023-02-15 00:00:00+00:00,23,6,146,72
2023-02-16 00:00:00+00:00,18,4,191,70
2023-02-17 00:00:00+00:00,18,5,109,49
2023-02-18 00:00:00+00:00,12,5,77,19
2023-02-19 00:00:00+00:00,17,4,86,22
2023-02-20 00:00:00+00:00,13,3,165,61
2023-02-21 00:00:00+00:00,16,9,131,64
2023-02-22 00:00:00+00:00,12,5,160,62
2023-02-23 00:00:00+00:00,16,4,107,54
2023-02-24 00:00:00+00:00,8,4,81,46
2023-02-25 00:00:00+00:00,29,4,41,14
2023-02-26 00:00:00+00:00,16,2,46,20
2023-02-27 00:00:00+00:00,6,5,137,71
2023-02-28 00:00:00+00:00,1,1,166,50
2023-03-01 00:00:00+00:00,4,4,163,68
2023-03-02 00:00:00+00:00,9,5,159,63
2023-03-03 00:00:00+00:00,3,3,123,71
2023-03-04 00:00:00+00:00,7,3,56,23
2023-03-05 00:00:00+00:00,8,6,49,23
2023-03-06 00:00:00+00:00,63,46,122,54
2023-03-07 00:00:00+00:00,77,52,133,66
2023-03-08 00:00:00+00:00,68,48,231,66
2023-03-09 00:00:00+00:00,71,47,199,68
2023-03-10 00:00:00+00:00,28,23,161,59
2023-03-11 00:00:00+00:00,12,8,91,33
2023-03-12 00:00:00+00:00,0,0,107,35
2023-03-13 00:00:00+00:00,3,2,139,66
2023-03-14 00:00:00+00:00,3,2,260,59
2023-03-15 00:00:00+00:00,5,5,203,59
2023-03-16 00:00:00+00:00,5,5,136,63
2023-03-17 00:00:00+00:00,4,3,138,57
2023-03-18 00:00:00+00:00,8,4,43,23
2023-03-19 00:00:00+00:00,3,3,109,20
2023-03-20 00:00:00+00:00,4,4,157,61
2023-03-21 00:00:00+00:00,6,5,276,73
2023-03-22 00:00:00+00:00,3,2,101,46
2023-03-23 00:00:00+00:00,4,2,156,47
2023-03-24 00:00:00+00:00,66,38,147,46
2023-03-25 00:00:00+00:00,72,38,55,19
2023-03-26 00:00:00+00:00,19,16,71,18
2023-03-27 00:00:00+00:00,2,1,129,55
2023-03-28 00:00:00+00:00,1,1,229,74
2023-03-29 00:00:00+00:00,2,2,136,52
2023-03-30 00:00:00+00:00,4,4,160,47
2023-03-31 00:00:00+00:00,9,3,171,36
2023-04-01 00:00:00+00:00,18,14,45,17
2023-04-02 00:00:00+00:00,66,38,27,17
2023-04-03 00:00:00+00:00,74,39,189,56
2023-04-04 00:00:00+00:00,20,17,191,58
2023-04-05 00:00:00+00:00,3,3,124,60
2023-04-06 00:00:00+00:00,12,8,119,51
2023-04-07 00:00:00+00:00,8,6,84,38
2023-04-08 00:00:00+00:00,11,5,126,18
2023-04-09 00:00:00+00:00,3,2,78,22
2023-04-10 00:00:00+00:00,10,7,155,64
2023-04-11 00:00:00+00:00,7,2,145,50
2023-04-12 00:00:00+00:00,6,4,139,63
2023-04-13 00:00:00+00:00,54,40,113,55
2023-04-14 00:00:00+00:00,65,45,149,51
2023-04-15 00:00:00+00:00,26,18,55,21
2023-04-16 00:00:00+00:00,5,4,66,11
2023-04-17 00:00:00+00:00,6,5,189,65
2023-04-18 00:00:00+00:00,7,3,220,64
2023-04-19 00:00:00+00:00,10,5,143,66
2023-04-20 00:00:00+00:00,7,5,149,60
2023-04-21 00:00:00+00:00,5,4,182,50
2023-04-22 00:00:00+00:00,5,2,60,16
2023-04-23 00:00:00+00:00,3,3,102,36
2023-04-24 00:00:00+00:00,6,4,186,54
2023-04-25 00:00:00+00:00,5,4,240,61
2023-04-26 00:00:00+00:00,7,5,216,65
2023-04-27 00:00:00+00:00,53,38,112,49
2023-04-28 00:00:00+00:00,66,33,115,44
2023-04-29 00:00:00+00:00,62,36,40,12
2023-04-30 00:00:00+00:00,19,12,106,17
2023-05-01 00:00:00+00:00,1,1,66,18
2023-05-02 00:00:00+00:00,32,26,75,34
2023-05-03 00:00:00+00:00,67,39,98,39
2023-05-04 00:00:00+00:00,64,39,93,41
2023-05-05 00:00:00+00:00,18,12,83,45
2023-05-06 00:00:00+00:00,54,31,145,29
2023-05-07 00:00:00+00:00,64,39,76,14
2023-05-08 00:00:00+00:00,22,21,107,50
2023-05-09 00:00:00+00:00,5,5,134,47
2023-05-10 00:00:00+00:00,3,2,128,49
2023-05-11 00:00:00+00:00,4,3,140,51
2023-05-12 00:00:00+00:00,3,3,91,54
2023-05-13 00:00:00+00:00,6,3,160,24
2023-05-14 00:00:00+00:00,35,22,40,14
2023-05-15 00:00:00+00:00,66,46,118,66
2023-05-16 00:00:00+00:00,61,39,143,41
2023-05-17 00:00:00+00:00,21,21,172,49
2023-05-18 00:00:00+00:00,37,35,121,52
2023-05-19 00:00:00+00:00,62,40,108,44
2023-05-20 00:00:00+00:00,66,43,27,15
2023-05-21 00:00:00+00:00,25,20,33,15
2023-05-22 00:00:00+00:00,3,3,112,60
2023-05-23 00:00:00+00:00,6,5,120,56
2023-05-24 00:00:00+00:00,0,0,87,48
2023-05-25 00:00:00+00:00,3,2,431,57
2023-05-26 00:00:00+00:00,7,5,91,47
2023-05-27 00:00:00+00:00,1,1,80,20
2023-05-28 00:00:00+00:00,6,5,15,9
2023-05-29 00:00:00+00:00,4,3,38,32
2023-05-30 00:00:00+00:00,6,5,173,52
2023-05-31 00:00:00+00:00,7,5,76,59
2023-06-01 00:00:00+00:00,7,6,359,54
2023-06-02 00:00:00+00:00,2,2,430,53
2023-06-03 00:00:00+00:00,3,2,104,32
2023-06-04 00:00:00+00:00,0,0,806,26
2023-06-05 00:00:00+00:00,2,2,1700,66
2023-06-06 00:00:00+00:00,5,3,125,68
2023-06-07 00:00:00+00:00,40,33,206,69
2023-06-08 00:00:00+00:00,63,43,187,54
2023-06-09 00:00:00+00:00,62,45,175,59
2023-06-10 00:00:00+00:00,26,19,55,23
2023-06-11 00:00:00+00:00,5,4,18,13
2023-06-12 00:00:00+00:00,1,1,105,60
2023-06-13 00:00:00+00:00,3,3,132,52
2023-06-14 00:00:00+00:00,6,5,120,63
2023-06-15 00:00:00+00:00,3,3,123,55
2023-06-16 00:00:00+00:00,1,1,101,46
2023-06-17 00:00:00+00:00,6,3,111,17
2023-06-18 00:00:00+00:00,4,3,19,12
2023-06-19 00:00:00+00:00,0,0,148,51
2023-06-20 00:00:00+00:00,3,3,129,57
2023-06-21 00:00:00+00:00,5,4,89,47
2023-06-22 00:00:00+00:00,39,31,84,37
2023-06-23 00:00:00+00:00,68,44,68,30
2023-06-24 00:00:00+00:00,67,44,32,19
2023-06-25 00:00:00+00:00,20,17,174,34
2023-06-26 00:00:00+00:00,5,5,185,69
2023-06-27 00:00:00+00:00,18,14,108,57
2023-06-28 00:00:00+00:00,66,51,111,55
2023-06-29 00:00:00+00:00,71,47,234,63
2023-06-30 00:00:00+00:00,21,15,84,38
2023-07-01 00:00:00+00:00,6,5,70,17
2023-07-02 00:00:00+00:00,4,3,30,11
2023-07-03 00:00:00+00:00,61,35,132,48
2023-07-04 00:00:00+00:00,73,41,194,76
2023-07-05 00:00:00+00:00,157,82,118,58
2023-07-06 00:00:00+00:00,95,60,174,85
2023-07-07 00:00:00+00:00,69,46,302,82
2023-07-08 00:00:00+00:00,67,38,35,16
2023-07-09 00:00:00+00:00,61,39,103,52
2023-07-10 00:00:00+00:00,56,42,94,52
2023-07-11 00:00:00+00:00,1,1,319,99
2023-07-12 00:00:00+00:00,5,4,237,53
2023-07-13 00:00:00+00:00,3,3,230,79
2023-07-14 00:00:00+00:00,10,4,198,64
2023-07-15 00:00:00+00:00,77,45,59,22
2023-07-16 00:00:00+00:00,26,18,65,35
2023-07-17 00:00:00+00:00,2,2,211,60
2023-07-18 00:00:00+00:00,18,12,149,64
2023-07-19 00:00:00+00:00,9,6,359,53
2023-07-20 00:00:00+00:00,6,6,109,53
2023-07-21 00:00:00+00:00,6,6,92,37
2023-07-22 00:00:00+00:00,0,0,39,11
2023-07-23 00:00:00+00:00,1,1,69,19
2023-07-24 00:00:00+00:00,1,1,207,58
2023-07-25 00:00:00+00:00,7,4,92,43
2023-07-26 00:00:00+00:00,2,2,120,52
2023-07-27 00:00:00+00:00,1,1,103,50
2023-07-28 00:00:00+00:00,9,6,153,52
2023-07-29 00:00:00+00:00,5,2,88,16
2023-07-30 00:00:00+00:00,2,2,55,22
2023-07-31 00:00:00+00:00,2,2,97,49
2023-08-01 00:00:00+00:00,4,3,251,62
2023-08-02 00:00:00+00:00,5,4,119,50
2023-08-03 00:00:00+00:00,2,2,137,59
2023-08-04 00:00:00+00:00,2,2,83,48
2023-08-05 00:00:00+00:00,6,3,46,18
2023-08-06 00:00:00+00:00,1,1,60,28
2023-08-07 00:00:00+00:00,4,3,111,53
2023-08-08 00:00:00+00:00,7,6,112,64
2023-08-09 00:00:00+00:00,2,2,297,39
2023-08-10 00:00:00+00:00,4,2,94,49
2023-08-11 00:00:00+00:00,6,5,144,42
2023-08-12 00:00:00+00:00,1,1,48,10
2023-08-13 00:00:00+00:00,1,1,22,12
2023-08-14 00:00:00+00:00,4,1,110,49
2023-08-15 00:00:00+00:00,2,2,172,39
2023-08-16 00:00:00+00:00,0,0,74,49
2023-08-17 00:00:00+00:00,7,2,209,52
2023-08-18 00:00:00+00:00,7,5,177,58
2023-08-19 00:00:00+00:00,3,3,77,18
2023-08-20 00:00:00+00:00,2,2,34,17
2023-08-21 00:00:00+00:00,1,1,97,59
2023-08-22 00:00:00+00:00,5,4,105,47
2023-08-23 00:00:00+00:00,5,4,142,39
2023-08-24 00:00:00+00:00,5,4,225,47
2023-08-25 00:00:00+00:00,3,2,71,43
2023-08-26 00:00:00+00:00,0,0,16,15
2023-08-27 00:00:00+00:00,3,2,16,13
2023-08-28 00:00:00+00:00,2,2,73,47
2023-08-29 00:00:00+00:00,4,3,136,46
2023-08-30 00:00:00+00:00,5,5,168,47
2023-08-31 00:00:00+00:00,1,1,226,44
2023-09-01 00:00:00+00:00,3,3,76,37
2023-09-02 00:00:00+00:00,5,2,64,18
2023-09-03 00:00:00+00:00,3,3,48,14
2023-09-04 00:00:00+00:00,4,4,97,49
2023-09-05 00:00:00+00:00,3,2,266,61
2023-09-06 00:00:00+00:00,3,3,94,46
2023-09-07 00:00:00+00:00,5,3,73,42
2023-09-08 00:00:00+00:00,8,7,184,41
2023-09-09 00:00:00+00:00,7,4,24,18
2023-09-10 00:00:00+00:00,2,1,47,18
2023-09-11 00:00:00+00:00,10,5,96,54
2023-09-12 00:00:00+00:00,4,4,79,48
2023-09-13 00:00:00+00:00,5,5,104,40
2023-09-14 00:00:00+00:00,3,3,147,58
2023-09-15 00:00:00+00:00,8,7,89,53
2023-09-16 00:00:00+00:00,9,6,47,16
2023-09-17 00:00:00+00:00,3,2,22,13
2023-09-18 00:00:00+00:00,6,3,98,40
2023-09-19 00:00:00+00:00,11,6,157,62
2023-09-20 00:00:00+00:00,10,6,155,44
2023-09-21 00:00:00+00:00,5,5,150,54
2023-09-22 00:00:00+00:00,3,3,172,49
2023-09-23 00:00:00+00:00,5,2,29,19
2023-09-24 00:00:00+00:00,2,2,43,21
2023-09-25 00:00:00+00:00,8,6,95,49
2023-09-26 00:00:00+00:00,5,5,143,61
2023-09-27 00:00:00+00:00,8,6,145,54
2023-09-28 00:00:00+00:00,2,2,64,41
2023-09-29 00:00:00+00:00,1,1,215,58
2023-09-30 00:00:00+00:00,7,4,16,13
2023-10-01 00:00:00+00:00,1,1,62,16
2023-10-02 00:00:00+00:00,5,4,66,34
2023-10-03 00:00:00+00:00,8,6,114,61
2023-10-04 00:00:00+00:00,8,6,83,30
2023-10-05 00:00:00+00:00,3,3,62,35
2023-10-06 00:00:00+00:00,1,1,114,47
2023-10-07 00:00:00+00:00,6,3,278,32
2023-10-08 00:00:00+00:00,3,3,67,24
2023-10-09 00:00:00+00:00,10,6,194,52
2023-10-10 00:00:00+00:00,10,9,148,52
2023-10-11 00:00:00+00:00,2,2,167,61
2023-10-12 00:00:00+00:00,16,7,204,64
2023-10-13 00:00:00+00:00,13,7,118,39
2023-10-14 00:00:00+00:00,10,6,50,16
2023-10-15 00:00:00+00:00,19,3,90,17
2023-10-16 00:00:00+00:00,11,10,278,54
2023-10-17 00:00:00+00:00,3,3,292,67
2023-10-18 00:00:00+00:00,6,6,306,67
2023-10-19 00:00:00+00:00,6,6,415,57
2023-10-20 00:00:00+00:00,3,3,396,35
2023-10-21 00:00:00+00:00,6,3,73,19
2023-10-22 00:00:00+00:00,6,6,341,17
2023-10-23 00:00:00+00:00,2,2,746,50
2023-10-24 00:00:00+00:00,12,4,249,62
2023-10-25 00:00:00+00:00,6,6,168,44
2023-10-26 00:00:00+00:00,3,3,153,52
2023-10-27 00:00:00+00:00,6,6,144,44
2023-10-28 00:00:00+00:00,11,8,40,17
2023-10-29 00:00:00+00:00,5,5,32,11
2023-10-30 00:00:00+00:00,6,6,324,59
2023-10-31 00:00:00+00:00,26,9,229,64
2023-11-01 00:00:00+00:00,7,6,253,49
2023-11-02 00:00:00+00:00,5,4,126,47
2023-11-03 00:00:00+00:00,1,1,113,51
2023-11-04 00:00:00+00:00,14,9,106,22
2023-11-05 00:00:00+00:00,4,3,65,15
2023-11-06 00:00:00+00:00,10,9,184,41
2023-11-07 00:00:00+00:00,8,8,112,56
2023-11-08 00:00:00+00:00,3,3,272,54
2023-11-09 00:00:00+00:00,7,7,268,71
2023-11-10 00:00:00+00:00,8,7,97,31
2023-11-11 00:00:00+00:00,6,2,37,19
2023-11-12 00:00:00+00:00,1,1,7,7
2023-11-13 00:00:00+00:00,6,5,219,56
2023-11-14 00:00:00+00:00,6,5,158,64
2023-11-15 00:00:00+00:00,4,3,202,54
2023-11-16 00:00:00+00:00,3,3,319,67
2023-11-17 00:00:00+00:00,9,7,115,52
2023-11-18 00:00:00+00:00,10,6,23,17
2023-11-19 00:00:00+00:00,5,5,63,19
2023-11-20 00:00:00+00:00,7,6,247,47
2023-11-21 00:00:00+00:00,4,4,164,69
2023-11-22 00:00:00+00:00,5,5,107,39
2023-11-23 00:00:00+00:00,13,8,146,47
2023-11-24 00:00:00+00:00,8,8,192,29
2023-11-25 00:00:00+00:00,9,5,101,22
2023-11-26 00:00:00+00:00,3,3,41,11
2023-11-27 00:00:00+00:00,2,2,129,37
2023-11-28 00:00:00+00:00,7,5,129,52
2023-11-29 00:00:00+00:00,10,9,109,41
2023-11-30 00:00:00+00:00,4,4,137,49
2023-12-01 00:00:00+00:00,4,3,116,50
2023-12-02 00:00:00+00:00,6,3,39,17
2023-12-03 00:00:00+00:00,1,1,80,25
2023-12-04 00:00:00+00:00,2,2,177,47
2023-12-05 00:00:00+00:00,7,7,127,54
2023-12-06 00:00:00+00:00,3,3,154,59
2023-12-07 00:00:00+00:00,5,4,158,47
2023-12-08 00:00:00+00:00,8,7,191,54
2023-12-09 00:00:00+00:00,7,4,56,18
2023-12-10 00:00:00+00:00,4,3,31,11
2023-12-11 00:00:00+00:00,5,4,108,41
2023-12-12 00:00:00+00:00,8,7,124,38
2023-12-13 00:00:00+00:00,2,2,107,55
2023-12-14 00:00:00+00:00,6,5,80,51
2023-12-15 00:00:00+00:00,5,5,181,45
2023-12-16 00:00:00+00:00,6,4,83,13
2023-12-17 00:00:00+00:00,19,5,60,19
2023-12-18 00:00:00+00:00,5,4,66,47
2023-12-19 00:00:00+00:00,7,6,107,57
2023-12-20 00:00:00+00:00,1,1,237,59
2023-12-21 00:00:00+00:00,5,5,114,37
2023-12-22 00:00:00+00:00,2,2,134,35
2023-12-23 00:00:00+00:00,5,2,79,17
2023-12-24 00:00:00+00:00,3,3,118,14
2023-12-25 00:00:00+00:00,3,3,68,27
2023-12-26 00:00:00+00:00,8,7,58,33
2023-12-27 00:00:00+00:00,5,2,124,33
2023-12-28 00:00:00+00:00,1,1,115,38
2023-12-29 00:00:00+00:00,2,2,363,57
2023-12-30 00:00:00+00:00,7,3,9,7
2023-12-31 00:00:00+00:00,1,1,41,11
2024-01-01 00:00:00+00:00,3,2,32,17
2024-01-02 00:00:00+00:00,9,6,100,39
2024-01-03 00:00:00+00:00,3,3,160,40
2024-01-04 00:00:00+00:00,6,5,44,31
2024-01-05 00:00:00+00:00,4,4,77,29
2024-01-06 00:00:00+00:00,5,4,17,12
2024-01-07 00:00:00+00:00,10,5,22,11
2024-01-08 00:00:00+00:00,1,1,166,39
2024-01-09 00:00:00+00:00,4,4,169,50
2024-01-10 00:00:00+00:00,4,4,77,43
2024-01-11 00:00:00+00:00,2,2,200,59
2024-01-12 00:00:00+00:00,8,8,144,42
2024-01-13 00:00:00+00:00,10,6,7,5
2024-01-14 00:00:00+00:00,4,4,62,30
2024-01-15 00:00:00+00:00,7,6,65,40
2024-01-16 00:00:00+00:00,5,5,134,42
2024-01-17 00:00:00+00:00,7,7,244,44
2024-01-18 00:00:00+00:00,1,1,264,62
2024-01-19 00:00:00+00:00,4,4,167,44
2024-01-20 00:00:00+00:00,10,5,34,11
2024-01-21 00:00:00+00:00,3,2,68,14
2024-01-22 00:00:00+00:00,5,5,83,45
2024-01-23 00:00:00+00:00,5,4,87,60
2024-01-24 00:00:00+00:00,4,3,128,39
2024-01-25 00:00:00+00:00,5,4,60,42
2024-01-26 00:00:00+00:00,3,3,207,40
2024-01-27 00:00:00+00:00,5,2,69,16
2024-01-28 00:00:00+00:00,3,2,68,10
2024-01-29 00:00:00+00:00,7,6,160,43
2024-01-30 00:00:00+00:00,5,4,113,45
2024-01-31 00:00:00+00:00,2,2,96,44
2024-02-01 00:00:00+00:00,2,2,196,42
2024-02-02 00:00:00+00:00,4,4,97,51
2024-02-03 00:00:00+00:00,5,2,68,32
2024-02-04 00:00:00+00:00,6,5,41,26
2024-02-05 00:00:00+00:00,6,6,147,65
2024-02-06 00:00:00+00:00,7,7,110,39
2024-02-07 00:00:00+00:00,5,5,90,50
2024-02-08 00:00:00+00:00,11,9,58,35
2024-02-09 00:00:00+00:00,3,3,60,25
2024-02-10 00:00:00+00:00,11,6,13,11
2024-02-11 00:00:00+00:00,5,4,38,10
2024-02-12 00:00:00+00:00,2,2,62,37
2024-02-13 00:00:00+00:00,4,3,43,30
2024-02-14 00:00:00+00:00,4,3,54,37
2024-02-15 00:00:00+00:00,3,3,82,38
2024-02-16 00:00:00+00:00,1,1,116,31
2024-02-17 00:00:00+00:00,5,2,43,13
2024-02-18 00:00:00+00:00,1,1,37,22
2024-02-19 00:00:00+00:00,2,2,108,49
2024-02-20 00:00:00+00:00,4,4,130,56
2024-02-21 00:00:00+00:00,6,4,228,48
2024-02-22 00:00:00+00:00,4,4,123,53
2024-02-23 00:00:00+00:00,2,2,136,41
2024-02-24 00:00:00+00:00,8,5,24,14
2024-02-25 00:00:00+00:00,3,3,28,13
2024-02-26 00:00:00+00:00,5,4,175,53
2024-02-27 00:00:00+00:00,4,4,216,74
2024-02-28 00:00:00+00:00,12,6,161,50
2024-02-29 00:00:00+00:00,4,3,204,48
2024-03-01 00:00:00+00:00,5,5,157,43
2024-03-02 00:00:00+00:00,10,7,132,28
2024-03-03 00:00:00+00:00,6,5,94,21
2024-03-04 00:00:00+00:00,3,3,351,54
2024-03-05 00:00:00+00:00,5,4,91,60
2024-03-06 00:00:00+00:00,3,2,168,57
2024-03-07 00:00:00+00:00,7,6,203,60
2024-03-08 00:00:00+00:00,5,5,143,41
2024-03-09 00:00:00+00:00,7,4,115,19
2024-03-10 00:00:00+00:00,5,5,11,10
2024-03-11 00:00:00+00:00,5,5,99,44
2024-03-12 00:00:00+00:00,2,2,175,76
2024-03-13 00:00:00+00:00,3,3,122,52
2024-03-14 00:00:00+00:00,4,4,90,45
2024-03-15 00:00:00+00:00,5,4,149,44
2024-03-16 00:00:00+00:00,8,5,63,15
2024-03-17 00:00:00+00:00,4,4,18,14
2024-03-18 00:00:00+00:00,2,2,129,54
2024-03-19 00:00:00+00:00,4,4,62,42
2024-03-20 00:00:00+00:00,2,2,169,55
2024-03-21 00:00:00+00:00,9,8,123,64
2024-03-22 00:00:00+00:00,4,4,243,57
2024-03-23 00:00:00+00:00,6,3,43,25
2024-03-24 00:00:00+00:00,3,3,22,14
2024-03-25 00:00:00+00:00,5,5,81,31
2024-03-26 00:00:00+00:00,21,5,259,66
2024-03-27 00:00:00+00:00,5,4,89,41
2024-03-28 00:00:00+00:00,4,4,145,32
2024-03-29 00:00:00+00:00,1,1,83,39
2024-03-30 00:00:00+00:00,10,7,31,16
2024-03-31 00:00:00+00:00,2,2,39,10
2024-04-01 00:00:00+00:00,5,5,205,46
2024-04-02 00:00:00+00:00,4,4,186,33
2024-04-03 00:00:00+00:00,5,4,305,46
2024-04-04 00:00:00+00:00,3,3,85,42
2024-04-05 00:00:00+00:00,6,3,89,23
2024-04-06 00:00:00+00:00,12,5,25,10
2024-04-07 00:00:00+00:00,4,4,53,23
2024-04-08 00:00:00+00:00,3,3,148,41
2024-04-09 00:00:00+00:00,5,4,166,59
2024-04-10 00:00:00+00:00,4,3,194,63
2024-04-11 00:00:00+00:00,8,4,98,41
2024-04-12 00:00:00+00:00,4,4,76,28
2024-04-13 00:00:00+00:00,8,5,50,18
2024-04-14 00:00:00+00:00,4,3,26,16
2024-04-15 00:00:00+00:00,4,4,84,36
2024-04-16 00:00:00+00:00,2,2,124,49
2024-04-17 00:00:00+00:00,6,5,97,32
2024-04-18 00:00:00+00:00,4,4,176,50
2024-04-19 00:00:00+00:00,3,3,106,36
2024-04-20 00:00:00+00:00,7,4,108,13
2024-04-21 00:00:00+00:00,5,3,28,19
2024-04-22 00:00:00+00:00,4,3,177,43
2024-04-23 00:00:00+00:00,2,2,43,30
2024-04-24 00:00:00+00:00,3,3,113,35
2024-04-25 00:00:00+00:00,7,5,162,43
2024-04-26 00:00:00+00:00,2,2,115,42
2024-04-27 00:00:00+00:00,7,4,35,16
2024-04-28 00:00:00+00:00,3,3,82,23
2024-04-29 00:00:00+00:00,2,2,62,34
2024-04-30 00:00:00+00:00,5,4,126,41
2024-05-01 00:00:00+00:00,9,6,30,24
2024-05-02 00:00:00+00:00,7,5,57,27
2024-05-03 00:00:00+00:00,12,9,148,32
2024-05-04 00:00:00+00:00,7,4,15,9
2024-05-05 00:00:00+00:00,4,4,110,13
2024-05-06 00:00:00+00:00,6,6,336,55
2024-05-07 00:00:00+00:00,5,5,301,59
2024-05-08 00:00:00+00:00,11,6,121,40
2024-05-09 00:00:00+00:00,8,4,75,36
2024-05-10 00:00:00+00:00,10,5,166,51
2024-05-11 00:00:00+00:00,12,4,87,23
2024-05-12 00:00:00+00:00,6,1,42,17
2024-05-13 00:00:00+00:00,8,3,152,53
2024-05-14 00:00:00+00:00,17,9,169,41
2024-05-15 00:00:00+00:00,19,6,294,41
2024-05-16 00:00:00+00:00,8,3,100,36
2024-05-17 00:00:00+00:00,9,4,72,34
2024-05-18 00:00:00+00:00,16,7,23,14
2024-05-19 00:00:00+00:00,7,2,39,10
2024-05-20 00:00:00+00:00,17,9,115,29
2024-05-21 00:00:00+00:00,12,6,108,46
2024-05-22 00:00:00+00:00,10,4,72,31
2024-05-23 00:00:00+00:00,14,8,51,34
2024-05-24 00:00:00+00:00,10,4,110,30
2024-05-25 00:00:00+00:00,15,6,67,15
2024-05-26 00:00:00+00:00,7,2,79,26
2024-05-27 00:00:00+00:00,7,5,118,37
2024-05-28 00:00:00+00:00,10,4,188,49
2024-05-29 00:00:00+00:00,10,5,93,43
2024-05-30 00:00:00+00:00,7,2,124,37
2024-05-31 00:00:00+00:00,11,8,167,33
2024-06-01 00:00:00+00:00,10,4,33,14
2024-06-02 00:00:00+00:00,3,1,97,16
2024-06-03 00:00:00+00:00,5,3,154,50
2024-06-04 00:00:00+00:00,6,4,115,47
2024-06-05 00:00:00+00:00,9,5,127,59
2024-06-06 00:00:00+00:00,6,4,84,32
2024-06-07 00:00:00+00:00,10,7,81,44
2024-06-08 00:00:00+00:00,8,3,52,17
2024-06-09 00:00:00+00:00,52,36,31,13
2024-06-10 00:00:00+00:00,25,9,62,30
2024-06-11 00:00:00+00:00,27,5,84,47
2024-06-12 00:00:00+00:00,6,4,228,47
2024-06-13 00:00:00+00:00,4,4,69,31
2024-06-14 00:00:00+00:00,7,5,88,33
2024-06-15 00:00:00+00:00,2,1,25,13
2024-06-16 00:00:00+00:00,0,0,31,13
2024-06-17 00:00:00+00:00,3,2,88,35
2024-06-18 00:00:00+00:00,9,4,162,40
2024-06-19 00:00:00+00:00,5,4,145,40
2024-06-20 00:00:00+00:00,6,4,120,39
2024-06-21 00:00:00+00:00,4,4,101,36
2024-06-22 00:00:00+00:00,16,14,80,17
2024-06-23 00:00:00+00:00,7,4,15,8
2024-06-24 00:00:00+00:00,5,4,104,37
2024-06-25 00:00:00+00:00,12,6,129,42
2024-06-26 00:00:00+00:00,3,3,92,37
2024-06-27 00:00:00+00:00,5,2,110,53
2024-06-28 00:00:00+00:00,3,3,114,28
2024-06-29 00:00:00+00:00,3,3,17,7
2024-06-30 00:00:00+00:00,1,1,27,12
2024-07-01 00:00:00+00:00,0,0,71,28
2024-07-02 00:00:00+00:00,4,3,87,33
2024-07-03 00:00:00+00:00,7,4,145,51
2024-07-04 00:00:00+00:00,4,4,232,44
2024-07-05 00:00:00+00:00,2,2,43,30
2024-07-06 00:00:00+00:00,5,3,7,6
2024-07-07 00:00:00+00:00,1,1,12,9
2024-07-08 00:00:00+00:00,1,1,85,34
2024-07-09 00:00:00+00:00,6,4,150,44
2024-07-10 00:00:00+00:00,2,2,54,33
2024-07-11 00:00:00+00:00,1,1,181,39
2024-07-12 00:00:00+00:00,1,1,158,38
2024-07-13 00:00:00+00:00,5,5,11,9
2024-07-14 00:00:00+00:00,3,3,15,8
2024-07-15 00:00:00+00:00,2,2,44,28
2024-07-16 00:00:00+00:00,2,2,102,34
2024-07-17 00:00:00+00:00,0,0,57,35
2024-07-18 00:00:00+00:00,0,0,96,43
2024-07-19 00:00:00+00:00,8,1,55,31
2024-07-20 00:00:00+00:00,16,4,22,9
2024-07-21 00:00:00+00:00,1,1,55,17
2024-07-22 00:00:00+00:00,5,3,125,49
2024-07-23 00:00:00+00:00,5,4,142,43
2024-07-24 00:00:00+00:00,1,1,70,35
2024-07-25 00:00:00+00:00,2,2,48,28
2024-07-26 00:00:00+00:00,3,3,69,30
2024-07-27 00:00:00+00:00,5,3,97,21
2024-07-28 00:00:00+00:00,2,2,29,15
2024-07-29 00:00:00+00:00,2,2,48,31
2024-07-30 00:00:00+00:00,4,2,71,36
2024-07-31 00:00:00+00:00,2,2,230,40
2024-08-01 00:00:00+00:00,1,1,75,45
2024-08-02 00:00:00+00:00,1,1,117,33
2024-08-03 00:00:00+00:00,1,1,18,10
2024-08-04 00:00:00+00:00,1,1,18,10
2024-08-05 00:00:00+00:00,1,1,43,28
2024-08-06 00:00:00+00:00,2,2,101,34
2024-08-07 00:00:00+00:00,2,2,66,26
2024-08-08 00:00:00+00:00,1,1,239,46
2024-08-09 00:00:00+00:00,2,2,65,26
2024-08-10 00:00:00+00:00,4,4,25,16
2024-08-11 00:00:00+00:00,1,1,21,15
2024-08-12 00:00:00+00:00,0,0,112,36
2024-08-13 00:00:00+00:00,3,2,60,39
2024-08-14 00:00:00+00:00,1,1,105,35
2024-08-15 00:00:00+00:00,2,1,66,32
2024-08-16 00:00:00+00:00,9,5,142,46
2024-08-17 00:00:00+00:00,2,2,51,18
2024-08-18 00:00:00+00:00,0,0,45,23
2024-08-19 00:00:00+00:00,3,3,91,45
2024-08-20 00:00:00+00:00,5,2,171,46
2024-08-21 00:00:00+00:00,3,2,258,57
2024-08-22 00:00:00+00:00,3,3,244,43
2024-08-23 00:00:00+00:00,3,2,317,45
2024-08-24 00:00:00+00:00,3,3,96,17
2024-08-25 00:00:00+00:00,0,0,40,16
2024-08-26 00:00:00+00:00,1,1,80,39
2024-08-27 00:00:00+00:00,0,0,49,41
2024-08-28 00:00:00+00:00,1,1,137,37
2024-08-29 00:00:00+00:00,1,1,90,26
2024-08-30 00:00:00+00:00,2,2,62,37
2024-08-31 00:00:00+00:00,2,2,35,9
2024-09-01 00:00:00+00:00,0,0,38,6
2024-09-02 00:00:00+00:00,2,2,90,27
2024-09-03 00:00:00+00:00,0,0,102,40
2024-09-04 00:00:00+00:00,1,1,132,49
2024-09-05 00:00:00+00:00,3,2,126,39
2024-09-06 00:00:00+00:00,1,1,49,30
2024-09-07 00:00:00+00:00,1,1,36,9
2024-09-08 00:00:00+00:00,1,1,44,16
2024-09-09 00:00:00+00:00,0,0,68,34
2024-09-10 00:00:00+00:00,11,4,92,34
2024-09-11 00:00:00+00:00,24,2,101,43
2024-09-12 00:00:00+00:00,24,4,74,42
2024-09-13 00:00:00+00:00,10,4,107,44
2024-09-14 00:00:00+00:00,4,2,42,25
2024-09-15 00:00:00+00:00,3,3,49,23
2024-09-16 00:00:00+00:00,0,0,47,29
2024-09-17 00:00:00+00:00,4,3,21,19
2024-09-18 00:00:00+00:00,1,1,92,28
2024-09-19 00:00:00+00:00,0,0,141,45
2024-09-20 00:00:00+00:00,3,3,82,30
2024-09-21 00:00:00+00:00,3,3,53,11
2024-09-22 00:00:00+00:00,4,2,30,15
2024-09-23 00:00:00+00:00,1,1,70,33
2024-09-24 00:00:00+00:00,3,3,47,31
2024-09-25 00:00:00+00:00,1,1,111,38
2024-09-26 00:00:00+00:00,3,3,75,31
2024-09-27 00:00:00+00:00,0,0,65,26
2024-09-28 00:00:00+00:00,6,3,194,34
2024-09-29 00:00:00+00:00,0,0,46,19
2024-09-30 00:00:00+00:00,1,1,56,35
2024-10-01 00:00:00+00:00,2,1,79,35
2024-10-02 00:00:00+00:00,0,0,36,29
2024-10-03 00:00:00+00:00,4,4,82,35
2024-10-04 00:00:00+00:00,0,0,48,31
2024-10-05 00:00:00+00:00,2,2,23,9
2024-10-06 00:00:00+00:00,2,1,44,19
2024-10-07 00:00:00+00:00,1,1,27,23
2024-10-08 00:00:00+00:00,1,1,82,39
2024-10-09 00:00:00+00:00,0,0,125,46
2024-10-10 00:00:00+00:00,3,3,55,36
2024-10-11 00:00:00+00:00,0,0,67,31
2024-10-12 00:00:00+00:00,3,3,63,19
2024-10-13 00:00:00+00:00,0,0,20,14
2024-10-14 00:00:00+00:00,2,2,149,49
2024-10-15 00:00:00+00:00,3,2,67,34
2024-10-16 00:00:00+00:00,2,2,89,25
2024-10-17 00:00:00+00:00,1,1,110,48
2024-10-18 00:00:00+00:00,1,1,95,28
2024-10-19 00:00:00+00:00,5,4,9,8
2024-10-20 00:00:00+00:00,1,1,13,7
2024-10-21 00:00:00+00:00,1,1,78,35
2024-10-22 00:00:00+00:00,1,1,73,30
2024-10-23 00:00:00+00:00,1,1,94,39
2024-10-24 00:00:00+00:00,6,4,56,41
2024-10-25 00:00:00+00:00,2,2,70,43
2024-10-26 00:00:00+00:00,5,4,36,19
2024-10-27 00:00:00+00:00,0,0,53,28
2024-10-28 00:00:00+00:00,0,0,64,38
2024-10-29 00:00:00+00:00,2,1,94,47
2024-10-30 00:00:00+00:00,5,3,50,25
2024-10-31 00:00:00+00:00,5,4,58,31
2024-11-01 00:00:00+00:00,2,2,87,31
2024-11-02 00:00:00+00:00,4,2,31,18
2024-11-03 00:00:00+00:00,0,0,9,5
2024-11-04 00:00:00+00:00,2,2,71,23
2024-11-05 00:00:00+00:00,9,2,123,31
2024-11-06 00:00:00+00:00,5,5,172,37
2024-11-07 00:00:00+00:00,3,3,58,31
2024-11-08 00:00:00+00:00,1,1,39,22
2024-11-09 00:00:00+00:00,2,2,48,27
2024-11-10 00:00:00+00:00,0,0,85,20
2024-11-11 00:00:00+00:00,4,4,35,30
2024-11-12 00:00:00+00:00,8,8,43,38
2024-11-13 00:00:00+00:00,2,1,92,43
2024-11-14 00:00:00+00:00,3,1,56,37
2024-11-15 00:00:00+00:00,5,5,109,31
2024-11-16 00:00:00+00:00,3,2,17,14
2024-11-17 00:00:00+00:00,1,1,25,13
2024-11-18 00:00:00+00:00,0,0,82,40
2024-11-19 00:00:00+00:00,0,0,65,28
2024-11-20 00:00:00+00:00,2,2,110,30
2024-11-21 00:00:00+00:00,4,4,102,39
2024-11-22 00:00:00+00:00,0,0,82,34
2024-11-23 00:00:00+00:00,1,1,71,12
2024-11-24 00:00:00+00:00,4,4,36,10
2024-11-25 00:00:00+00:00,1,1,201,39
2024-11-26 00:00:00+00:00,3,3,127,36
2024-11-27 00:00:00+00:00,2,2,66,37
2024-11-28 00:00:00+00:00,5,2,91,54
2024-11-29 00:00:00+00:00,1,1,53,33
2024-11-30 00:00:00+00:00,4,3,49,15
2024-12-01 00:00:00+00:00,0,0,12,10
2024-12-02 00:00:00+00:00,2,2,105,25
2024-12-03 00:00:00+00:00,0,0,48,29
2024-12-04 00:00:00+00:00,4,2,50,28
2024-12-05 00:00:00+00:00,3,3,73,31
2024-12-06 00:00:00+00:00,3,3,38,24
2024-12-07 00:00:00+00:00,0,0,12,8
2024-12-08 00:00:00+00:00,0,0,17,12
2024-12-09 00:00:00+00:00,3,2,75,40
2024-12-10 00:00:00+00:00,3,3,54,36
2024-12-11 00:00:00+00:00,1,1,76,31
2024-12-12 00:00:00+00:00,4,4,55,34
2024-12-13 00:00:00+00:00,0,0,49,27
2024-12-14 00:00:00+00:00,5,5,10,9
2024-12-15 00:00:00+00:00,3,2,27,13
2024-12-16 00:00:00+00:00,2,2,121,25
2024-12-17 00:00:00+00:00,0,0,63,33
2024-12-18 00:00:00+00:00,2,2,88,33
2024-12-19 00:00:00+00:00,1,1,50,23
2024-12-20 00:00:00+00:00,1,1,49,26
2024-12-21 00:00:00+00:00,0,0,14,7
2024-12-22 00:00:00+00:00,4,4,39,8
2024-12-23 00:00:00+00:00,3,3,101,35
2024-12-24 00:00:00+00:00,1,1,48,30
2024-12-25 00:00:00+00:00,3,3,54,20
2024-12-26 00:00:00+00:00,2,2,17,13
2024-12-27 00:00:00+00:00,4,4,77,25
2024-12-28 00:00:00+00:00,4,2,21,14
2024-12-29 00:00:00+00:00,1,1,42,14
2024-12-30 00:00:00+00:00,2,1,66,22
2024-12-31 00:00:00+00:00,2,2,58,22
2025-01-01 00:00:00+00:00,1,1,15,4
2025-01-02 00:00:00+00:00,2,2,73,23
2025-01-03 00:00:00+00:00,1,1,62,24
2025-01-04 00:00:00+00:00,2,2,14,10
2025-01-05 00:00:00+00:00,0,0,208,9
2025-01-06 00:00:00+00:00,1,1,40,20
2025-01-07 00:00:00+00:00,3,2,79,32
2025-01-08 00:00:00+00:00,1,1,96,29
2025-01-09 00:00:00+00:00,2,2,114,41
2025-01-10 00:00:00+00:00,5,5,36,26
2025-01-11 00:00:00+00:00,0,0,18,11
2025-01-12 00:00:00+00:00,4,3,22,14
2025-01-13 00:00:00+00:00,1,1,65,38
2025-01-14 00:00:00+00:00,1,1,71,37
2025-01-15 00:00:00+00:00,6,2,114,53
2025-01-16 00:00:00+00:00,0,0,59,36
2025-01-17 00:00:00+00:00,0,0,72,34
2025-01-18 00:00:00+00:00,3,2,49,15
2025-01-19 00:00:00+00:00,2,2,17,9
2025-01-20 00:00:00+00:00,4,3,69,28
2025-01-21 00:00:00+00:00,0,0,117,25
2025-01-22 00:00:00+00:00,2,2,58,36
2025-01-23 00:00:00+00:00,4,3,49,24
2025-01-24 00:00:00+00:00,1,1,54,31
2025-01-25 00:00:00+00:00,1,1,10,4
2025-01-26 00:00:00+00:00,1,1,19,13
2025-01-27 00:00:00+00:00,3,2,35,19
2025-01-28 00:00:00+00:00,1,1,73,21
2025-01-29 00:00:00+00:00,0,0,55,21
2025-01-30 00:00:00+00:00,1,1,41,22
2025-01-31 00:00:00+00:00,5,3,44,24
2025-02-01 00:00:00+00:00,3,2,37,6
2025-02-02 00:00:00+00:00,3,2,34,17
2025-02-03 00:00:00+00:00,4,2,34,17
2025-02-04 00:00:00+00:00,4,2,22,21
2025-02-05 00:00:00+00:00,1,1,50,27
2025-02-06 00:00:00+00:00,7,4,46,26
2025-02-07 00:00:00+00:00,11,6,73,27
2025-02-08 00:00:00+00:00,7,6,47,14
2025-02-09 00:00:00+00:00,18,10,47,26
2025-02-10 00:00:00+00:00,2,2,140,44
2025-02-11 00:00:00+00:00,4,4,70,42
2025-02-12 00:00:00+00:00,7,6,152,42
2025-02-13 00:00:00+00:00,5,2,59,32
2025-02-14 00:00:00+00:00,2,2,37,24
2025-02-15 00:00:00+00:00,5,2,30,23
2025-02-16 00:00:00+00:00,7,5,37,19
2025-02-17 00:00:00+00:00,5,3,78,45
2025-02-18 00:00:00+00:00,0,0,70,32
2025-02-19 00:00:00+00:00,2,2,51,30
2025-02-20 00:00:00+00:00,5,3,49,43
2025-02-21 00:00:00+00:00,1,1,71,28
2025-02-22 00:00:00+00:00,9,4,32,16
2025-02-23 00:00:00+00:00,1,1,26,17
2025-02-24 00:00:00+00:00,0,0,50,35
2025-02-25 00:00:00+00:00,4,4,68,22
2025-02-26 00:00:00+00:00,4,4,85,32
2025-02-27 00:00:00+00:00,3,3,90,35
2025-02-28 00:00:00+00:00,7,5,49,29
2025-03-01 00:00:00+00:00,5,2,21,10
2025-03-02 00:00:00+00:00,1,1,22,15
2025-03-03 00:00:00+00:00,9,7,94,39
2025-03-04 00:00:00+00:00,8,6,73,28
2025-03-05 00:00:00+00:00,8,6,45,25
2025-03-06 00:00:00+00:00,12,10,49,30
2025-03-07 00:00:00+00:00,37,28,83,33
2025-03-08 00:00:00+00:00,40,29,46,13
2025-03-09 00:00:00+00:00,22,16,12,10
2025-03-10 00:00:00+00:00,6,6,74,30
2025-03-11 00:00:00+00:00,4,4,142,36
2025-03-12 00:00:00+00:00,6,4,111,37
2025-03-13 00:00:00+00:00,9,6,70,39
2025-03-14 00:00:00+00:00,2,2,75,33
2025-03-15 00:00:00+00:00,7,4,34,12
2025-03-16 00:00:00+00:00,7,5,34,18
2025-03-17 00:00:00+00:00,9,8,58,31
2025-03-18 00:00:00+00:00,5,4,83,40
2025-03-19 00:00:00+00:00,1,1,86,35
2025-03-20 00:00:00+00:00,1,1,78,31
2025-03-21 00:00:00+00:00,2,2,78,35
2025-03-22 00:00:00+00:00,10,4,29,11
2025-03-23 00:00:00+00:00,1,1,24,19
2025-03-24 00:00:00+00:00,1,1,123,38
2025-03-25 00:00:00+00:00,5,3,85,36
2025-03-26 00:00:00+00:00,6,4,34,23
2025-03-27 00:00:00+00:00,4,4,54,24
2025-03-28 00:00:00+00:00,1,1,68,33
2025-03-29 00:00:00+00:00,5,3,38,19
2025-03-30 00:00:00+00:00,6,4,36,8
2025-03-31 00:00:00+00:00,2,2,38,23
2025-04-01 00:00:00+00:00,2,2,77,38
2025-04-02 00:00:00+00:00,2,2,60,31
2025-04-03 00:00:00+00:00,6,6,33,26
2025-04-04 00:00:00+00:00,13,9,45,29
2025-04-05 00:00:00+00:00,2,2,4,3
2025-04-06 00:00:00+00:00,8,4,26,8
2025-04-07 00:00:00+00:00,2,2,52,31
2025-04-08 00:00:00+00:00,4,4,70,35
2025-04-09 00:00:00+00:00,2,2,40,29
2025-04-10 00:00:00+00:00,7,5,55,23
2025-04-11 00:00:00+00:00,2,2,93,30
2025-04-12 00:00:00+00:00,4,3,65,11
2025-04-13 00:00:00+00:00,8,2,22,13
2025-04-14 00:00:00+00:00,6,3,60,33
2025-04-15 00:00:00+00:00,10,4,94,24
2025-04-16 00:00:00+00:00,3,3,45,24
2025-04-17 00:00:00+00:00,3,3,28,22
2025-04-18 00:00:00+00:00,2,2,37,17
2025-04-19 00:00:00+00:00,10,5,11,6
2025-04-20 00:00:00+00:00,4,4,10,5
2025-04-21 00:00:00+00:00,1,1,47,19
2025-04-22 00:00:00+00:00,7,5,44,25
2025-04-23 00:00:00+00:00,3,3,81,21
2025-04-24 00:00:00+00:00,6,4,44,28
2025-04-25 00:00:00+00:00,7,4,46,25
2025-04-26 00:00:00+00:00,2,1,32,9
2025-04-27 00:00:00+00:00,0,0,18,16
2025-04-28 00:00:00+00:00,3,3,44,19
2025-04-29 00:00:00+00:00,4,4,57,24
2025-04-30 00:00:00+00:00,7,6,104,26
2025-05-01 00:00:00+00:00,2,2,31,13
2025-05-02 00:00:00+00:00,3,3,71,22
2025-05-03 00:00:00+00:00,6,3,28,12
2025-05-04 00:00:00+00:00,3,3,9,8
2025-05-05 00:00:00+00:00,4,2,42,21
2025-05-06 00:00:00+00:00,1,1,52,28
2025-05-07 00:00:00+00:00,4,4,52,33
2025-05-08 00:00:00+00:00,1,1,31,22
2025-05-09 00:00:00+00:00,5,3,50,27
2025-05-10 00:00:00+00:00,3,1,34,10
2025-05-11 00:00:00+00:00,4,1,37,15
2025-05-12 00:00:00+00:00,4,2,70,27
2025-05-13 00:00:00+00:00,4,4,46,25
2025-05-14 00:00:00+00:00,3,3,55,22
2025-05-15 00:00:00+00:00,16,2,32,20
2025-05-16 00:00:00+00:00,1,1,55,20
2025-05-17 00:00:00+00:00,15,9,16,4
2025-05-18 00:00:00+00:00,5,3,41,9
2025-05-19 00:00:00+00:00,7,2,47,18
2025-05-20 00:00:00+00:00,2,2,37,21
2025-05-21 00:00:00+00:00,7,5,66,21
2025-05-22 00:00:00+00:00,14,8,56,24
2025-05-23 00:00:00+00:00,8,3,47,25
2025-05-24 00:00:00+00:00,15,8,12,6
2025-05-25 00:00:00+00:00,7,5,18,6
2025-05-26 00:00:00+00:00,8,3,27,24
2025-05-27 00:00:00+00:00,10,7,55,29
2025-05-28 00:00:00+00:00,12,7,91,31
2025-05-29 00:00:00+00:00,4,2,30,22
2025-05-30 00:00:00+00:00,0,0,54,23
2025-05-31 00:00:00+00:00,6,4,37,6
2025-06-01 00:00:00+00:00,5,3,12,7
2025-06-02 00:00:00+00:00,7,4,49,21
2025-06-03 00:00:00+00:00,4,2,42,25
2025-06-04 00:00:00+00:00,1,1,60,25
2025-06-05 00:00:00+00:00,12,7,83,25
2025-06-06 00:00:00+00:00,7,4,37,16
2025-06-07 00:00:00+00:00,8,2,31,12
2025-06-08 00:00:00+00:00,3,1,19,6
2025-06-09 00:00:00+00:00,6,3,45,21
2025-06-10 00:00:00+00:00,1,1,79,25
2025-06-11 00:00:00+00:00,3,3,77,30
2025-06-12 00:00:00+00:00,37,14,53,26
2025-06-13 00:00:00+00:00,80,22,59,23
2025-06-14 00:00:00+00:00,65,19,129,60
2025-06-15 00:00:00+00:00,41,10,45,13
2025-06-16 00:00:00+00:00,43,6,111,28
2025-06-17 00:00:00+00:00,5,3,175,25
2025-06-18 00:00:00+00:00,3,1,81,25
2025-06-19 00:00:00+00:00,3,2,152,26
2025-06-20 00:00:00+00:00,7,4,48,23
2025-06-21 00:00:00+00:00,10,7,52,16
2025-06-22 00:00:00+00:00,10,4,4,4
2025-06-23 00:00:00+00:00,8,6,22,14
2025-06-24 00:00:00+00:00,3,3,27,23
2025-06-25 00:00:00+00:00,5,3,38,25
2025-06-26 00:00:00+00:00,3,3,42,26
2025-06-27 00:00:00+00:00,10,5,81,37
2025-06-28 00:00:00+00:00,1,1,21,14
2025-06-29 00:00:00+00:00,37,8,35,24
2025-06-30 00:00:00+00:00,6,4,47,28
2025-07-01 00:00:00+00:00,10,7,56,39
2025-07-02 00:00:00+00:00,17,5,63,38
2025-07-03 00:00:00+00:00,48,14,99,37
2025-07-04 00:00:00+00:00,16,7,133,32
2025-07-05 00:00:00+00:00,8,4,30,15
2025-07-06 00:00:00+00:00,9,3,21,8
2025-07-07 00:00:00+00:00,18,6,71,34
2025-07-08 00:00:00+00:00,24,6,60,27
2025-07-09 00:00:00+00:00,15,7,62,21
2025-07-10 00:00:00+00:00,15,5,28,24
2025-07-11 00:00:00+00:00,9,3,42,21
2025-07-12 00:00:00+00:00,17,8,21,6
2025-07-13 00:00:00+00:00,18,8,14,10
2025-07-14 00:00:00+00:00,16,6,46,27
2025-07-15 00:00:00+00:00,18,10,64,26
2025-07-16 00:00:00+00:00,23,12,36,21
2025-07-17 00:00:00+00:00,15,8,40,25
2025-07-18 00:00:00+00:00,15,6,30,22
2025-07-19 00:00:00+00:00,17,8,34,5
2025-07-20 00:00:00+00:00,14,7,8,8
2025-07-21 00:00:00+00:00,24,10,22,15
2025-07-22 00:00:00+00:00,19,8,48,22
2025-07-23 00:00:00+00:00,19,7,15,10
2025-07-24 00:00:00+00:00,22,9,140,22
2025-07-25 00:00:00+00:00,15,9,79,19
2025-07-26 00:00:00+00:00,12,4,33,16
2025-07-27 00:00:00+00:00,13,4,11,7
2025-07-28 00:00:00+00:00,22,13,60,23
2025-07-29 00:00:00+00:00,17,6,33,19
2025-07-30 00:00:00+00:00,12,4,64,30
2025-07-31 00:00:00+00:00,16,8,38,21
2025-08-01 00:00:00+00:00,14,4,31,14
2025-08-02 00:00:00+00:00,18,5,14,9
2025-08-03 00:00:00+00:00,11,4,8,8
2025-08-04 00:00:00+00:00,8,3,33,20
2025-08-05 00:00:00+00:00,15,8,185,19
2025-08-06 00:00:00+00:00,20,8,35,16
2025-08-07 00:00:00+00:00,23,7,12,11
2025-08-08 00:00:00+00:00,11,4,73,22
2025-08-09 00:00:00+00:00,6,2,11,10
2025-08-10 00:00:00+00:00,12,5,14,6
2025-08-11 00:00:00+00:00,19,9,68,21
2025-08-12 00:00:00+00:00,85,35,52,24
2025-08-13 00:00:00+00:00,23,14,45,16
2025-08-14 00:00:00+00:00,13,5,72,23
2025-08-15 00:00:00+00:00,12,6,34,12
2025-08-16 00:00:00+00:00,36,10,33,7
2025-08-17 00:00:00+00:00,66,24,16,6
2025-08-18 00:00:00+00:00,1212,23,53,26
2025-08-19 00:00:00+00:00,100,48,26,12
2025-08-20 00:00:00+00:00,45,12,76,15
2025-08-21 00:00:00+00:00,1186,14,25,11
2025-08-22 00:00:00+00:00,42,16,30,12
2025-08-23 00:00:00+00:00,48,22,3,2
2025-08-24 00:00:00+00:00,40,12,6,4
2025-08-25 00:00:00+00:00,4638,30,30,25
2025-08-26 00:00:00+00:00,94,23,53,20
2025-08-27 00:00:00+00:00,89,23,54,25
2025-08-28 00:00:00+00:00,1257,41,192,45
2025-08-29 00:00:00+00:00,1211,19,53,24
2025-08-30 00:00:00+00:00,2355,22,27,10
2025-08-31 00:00:00+00:00,1213,21,89,76
2025-09-01 00:00:00+00:00,25,15,214,84
2025-09-02 00:00:00+00:00,1237,39,122,38
2025-09-03 00:00:00+00:00,53,20,121,30
2025-09-04 00:00:00+00:00,58,20,47,28
2025-09-05 00:00:00+00:00,28,10,39,19
2025-09-06 00:00:00+00:00,18,8,18,8
2025-09-07 00:00:00+00:00,13,5,9,7
2025-09-08 00:00:00+00:00,28,10,20,13
2025-09-09 00:00:00+00:00,76,28,91,31
2025-09-10 00:00:00+00:00,63,20,36,19
2025-09-11 00:00:00+00:00,36,13,80,16
2025-09-12 00:00:00+00:00,41,11,47,20
2025-09-13 00:00:00+00:00,26,8,19,8
2025-09-14 00:00:00+00:00,27,9,12,11
2025-09-15 00:00:00+00:00,24,10,20,13
2025-09-16 00:00:00+00:00,3125,11,39,20
2025-09-17 00:00:00+00:00,26,15,20,17
2025-09-18 00:00:00+00:00,48,22,28,16
2025-09-19 00:00:00+00:00,53,18,39,22
2025-09-20 00:00:00+00:00,32,14,34,11
2025-09-21 00:00:00+00:00,23,8,7,6
2025-09-22 00:00:00+00:00,42,19,57,15
2025-09-23 00:00:00+00:00,36,15,34,22
2025-09-24 00:00:00+00:00,39,20,25,15
2025-09-25 00:00:00+00:00,2075,31,31,24
2025-09-26 00:00:00+00:00,43,17,26,16
2025-09-27 00:00:00+00:00,22,9,20,12
2025-09-28 00:00:00+00:00,47,19,39,27
2025-09-29 00:00:00+00:00,51,21,34,27
2025-09-30 00:00:00+00:00,30,9,33,16
2025-10-01 00:00:00+00:00,47,21,22,18
2025-10-02 00:00:00+00:00,41,14,18,15
2025-10-03 00:00:00+00:00,37,11,22,13
2025-10-04 00:00:00+00:00,28,11,40,17
2025-10-05 00:00:00+00:00,63,19,42,18
2025-10-06 00:00:00+00:00,30,14,64,31
2025-10-07 00:00:00+00:00,27,9,74,46
2025-10-08 00:00:00+00:00,16,5,30,29
2025-10-09 00:00:00+00:00,27,15,75,32
2025-10-10 00:00:00+00:00,3200,34,44,24
2025-10-11 00:00:00+00:00,2981,26,27,18
2025-10-12 00:00:00+00:00,32,12,52,38
2025-10-13 00:00:00+00:00,44,16,58,28
2025-10-14 00:00:00+00:00,34,18,59,33
2025-10-15 00:00:00+00:00,63,23,39,19
2025-10-16 00:00:00+00:00,55,29,27,17
2025-10-17 00:00:00+00:00,46,18,30,25
2025-10-18 00:00:00+00:00,47,22,15,14
2025-10-19 00:00:00+00:00,2043,18,15,15
2025-10-20 00:00:00+00:00,41,20,65,35
2025-10-21 00:00:00+00:00,2984,24,183,101
2025-10-22 00:00:00+00:00,54,21,116,75
2025-10-23 00:00:00+00:00,3162,20,83,35
2025-10-24 00:00:00+00:00,45,21,71,30
2025-10-25 00:00:00+00:00,36,14,33,23
2025-10-26 00:00:00+00:00,3166,21,30,26
2025-10-27 00:00:00+00:00,67,28,61,39
2025-10-28 00:00:00+00:00,36,18,68,40
2025-10-29 00:00:00+00:00,17,10,69,45
2025-10-30 00:00:00+00:00,3174,29,81,44
2025-10-31 00:00:00+00:00,35,16,64,39
2025-11-01 00:00:00+00:00,42,13,38,23
2025-11-02 00:00:00+00:00,41,15,39,24
2025-11-03 00:00:00+00:00,62,30,78,29
2025-11-04 00:00:00+00:00,70,29,54,32
2025-11-05 00:00:00+00:00,67,29,60,30
2025-11-06 00:00:00+00:00,3178,25,63,26
2025-11-07 00:00:00+00:00,62,35,54,30
2025-11-08 00:00:00+00:00,3169,25,97,26
2025-11-09 00:00:00+00:00,41,15,15,13
2025-11-10 00:00:00+00:00,856,19,91,28
2025-11-11 00:00:00+00:00,60,25,53,29
2025-11-12 00:00:00+00:00,60,20,84,33
2025-11-13 00:00:00+00:00,3170,18,53,40
2025-11-14 00:00:00+00:00,4541,22,54,23
2025-11-15 00:00:00+00:00,8265,14,26,21
2025-11-16 00:00:00+00:00,498,14,28,21
2025-11-17 00:00:00+00:00,8185,22,35,26
2025-11-18 00:00:00+00:00,61,21,53,22
2025-11-19 00:00:00+00:00,64,24,40,24
2025-11-20 00:00:00+00:00,3170,20,32,28
2025-11-21 00:00:00+00:00,3163,17,40,26
2025-11-22 00:00:00+00:00,66,28,19,18
2025-11-23 00:00:00+00:00,52,18,24,18
2025-11-24 00:00:00+00:00,49,16,21,20
2025-11-25 00:00:00+00:00,2063,27,34,26
2025-11-26 00:00:00+00:00,22,11,26,25
2025-11-27 00:00:00+00:00,3374,16,28,14
2025-11-28 00:00:00+00:00,37,10,62,33
2025-11-29 00:00:00+00:00,2421,19,20,14
2025-11-30 00:00:00+00:00,35,16,21,19
2025-12-01 00:00:00+00:00,5956,26,23,22
2025-12-02 00:00:00+00:00,3170,27,144,41
2025-12-03 00:00:00+00:00,3157,28,63,34
2025-12-04 00:00:00+00:00,26,8,41,26
2025-12-05 00:00:00+00:00,71,46,34,26
2025-12-06 00:00:00+00:00,3158,15,15,9
2025-12-07 00:00:00+00:00,36,15,10,10
2025-12-08 00:00:00+00:00,54,26,80,26
2025-12-09 00:00:00+00:00,2447,31,33,21
2025-12-10 00:00:00+00:00,6254,16,56,25
2025-12-11 00:00:00+00:00,3166,23,17,13
2025-12-12 00:00:00+00:00,230,19,64,26
2025-12-13 00:00:00+00:00,3165,20,14,10
2025-12-14 00:00:00+00:00,0,0,2,2
